bill_id,item_id,category,subtype,description,amount,unit_price,quantity,tax_rate,created_at
700001,1,one_off,base_fee,Aylık sabit ücret (GB30 + 1000dk + 500SMS),529.0,529.0,1.0,0.18,2025-05-01
700001,3,voice,voice_overage,Konuşma aşımı 387 dk,213.022434398051,0.55,387.0,0.18,2025-05-31
700001,99,tax,vat,KDV,133.5640381916492,133.5640381916492,1.0,0.0,2025-05-31
700002,1,one_off,base_fee,Aylık sabit ücret (GB30 + 1000dk + 500SMS),529.0,529.0,1.0,0.18,2025-06-01
700002,3,voice,voice_overage,Konuşma aşımı 159 dk,87.32422659312999,0.55,159.0,0.18,2025-06-30
700002,6,premium_sms,premium_3rdparty,7979 numarasına 2 SMS,30.0,15.0,2.0,0.18,2025-06-30
700002,99,tax,vat,KDV,116.3383607867634,116.3383607867634,1.0,0.0,2025-06-30
700003,1,one_off,base_fee,Aylık sabit ücret (GB30 + 1000dk + 500SMS),529.0,529.0,1.0,0.18,2025-07-01
700003,99,tax,vat,KDV,95.22,95.22,1.0,0.0,2025-07-31
700004,1,one_off,base_fee,Aylık sabit ücret (GB30 + 1000dk + 500SMS),529.0,529.0,1.0,0.18,2025-08-01
700004,3,voice,voice_overage,Konuşma aşımı 273 dk,150.33348081111333,0.55,273.0,0.18,2025-08-31
700004,99,tax,vat,KDV,122.2800265460004,122.2800265460004,1.0,0.0,2025-08-31
700005,1,one_off,base_fee,Aylık sabit ücret (GB50 + 1500dk + 1000SMS),699.0,699.0,1.0,0.18,2025-05-01
700005,99,tax,vat,KDV,125.82,125.82,1.0,0.0,2025-05-31
700006,1,one_off,base_fee,Aylık sabit ücret (GB50 + 1500dk + 1000SMS),699.0,699.0,1.0,0.18,2025-06-01
700006,6,premium_sms,premium_3rdparty,8888 numarasına 2 SMS,24.0,12.0,2.0,0.18,2025-06-30
700006,99,tax,vat,KDV,130.14,130.14,1.0,0.0,2025-06-30
700007,1,one_off,base_fee,Aylık sabit ücret (GB50 + 1500dk + 1000SMS),699.0,699.0,1.0,0.18,2025-07-01
700007,99,tax,vat,KDV,125.82,125.82,1.0,0.0,2025-07-31
700008,1,one_off,base_fee,Aylık sabit ücret (GB50 + 1500dk + 1000SMS),699.0,699.0,1.0,0.18,2025-08-01
700008,6,premium_sms,premium_3rdparty,8888 numarasına 7 SMS,84.0,12.0,7.0,0.18,2025-08-31
700008,99,tax,vat,KDV,140.94,140.94,1.0,0.0,2025-08-31
700009,1,one_off,base_fee,Aylık sabit ücret (Sınırsız Sosyal + GB15 + 750dk),479.0,479.0,1.0,0.18,2025-05-01
700009,99,tax,vat,KDV,86.22,86.22,1.0,0.0,2025-05-31
700010,1,one_off,base_fee,Aylık sabit ücret (Sınırsız Sosyal + GB15 + 750dk),479.0,479.0,1.0,0.18,2025-06-01
700010,99,tax,vat,KDV,86.22,86.22,1.0,0.0,2025-06-30
700011,1,one_off,base_fee,Aylık sabit ücret (Sınırsız Sosyal + GB15 + 750dk),479.0,479.0,1.0,0.18,2025-07-01
700011,7,roaming,roaming_data,Roaming data 0.75GB,38.37624566810264,0.05,767.0,0.18,2025-07-31
700011,99,tax,vat,KDV,93.12772422025849,93.12772422025849,1.0,0.0,2025-07-31
700012,1,one_off,base_fee,Aylık sabit ücret (Sınırsız Sosyal + GB15 + 750dk),479.0,479.0,1.0,0.18,2025-08-01
700012,99,tax,vat,KDV,86.22,86.22,1.0,0.0,2025-08-31
700013,1,one_off,base_fee,Aylık sabit ücret (GB20 + 750dk + 250SMS),429.0,429.0,1.0,0.18,2025-05-01
700013,99,tax,vat,KDV,77.22,77.22,1.0,0.0,2025-05-31
700014,1,one_off,base_fee,Aylık sabit ücret (GB20 + 750dk + 250SMS),429.0,429.0,1.0,0.18,2025-06-01
700014,99,tax,vat,KDV,77.22,77.22,1.0,0.0,2025-06-30
700015,1,one_off,base_fee,Aylık sabit ücret (GB20 + 750dk + 250SMS),429.0,429.0,1.0,0.18,2025-07-01
700015,99,tax,vat,KDV,77.22,77.22,1.0,0.0,2025-07-31
700016,1,one_off,base_fee,Aylık sabit ücret (GB20 + 750dk + 250SMS),429.0,429.0,1.0,0.18,2025-08-01
700016,99,tax,vat,KDV,77.22,77.22,1.0,0.0,2025-08-31
700017,1,one_off,base_fee,Aylık sabit ücret (GB10 + 500dk + 100SMS),329.0,329.0,1.0,0.18,2025-05-01
700017,99,tax,vat,KDV,59.22,59.22,1.0,0.0,2025-05-31
700018,1,one_off,base_fee,Aylık sabit ücret (GB10 + 500dk + 100SMS),329.0,329.0,1.0,0.18,2025-06-01
700018,2,data,data_overage,Data aşımı 1.19GB,47.6198370411209,40.0,1.19,0.18,2025-06-30
700018,3,voice,voice_overage,Konuşma aşımı 68 dk,50.79730619973432,0.75,68.0,0.18,2025-06-30
700018,99,tax,vat,KDV,76.93508578335394,76.93508578335394,1.0,0.0,2025-06-30
700019,1,one_off,base_fee,Aylık sabit ücret (GB10 + 500dk + 100SMS),329.0,329.0,1.0,0.18,2025-07-01
700019,2,data,data_overage,Data aşımı 0.15GB,5.871099974044185,40.0,0.15,0.18,2025-07-31
700019,3,voice,voice_overage,Konuşma aşımı 25 dk,19.06216787248229,0.75,25.0,0.18,2025-07-31
700019,99,tax,vat,KDV,63.70798821237476,63.70798821237476,1.0,0.0,2025-07-31
700020,1,one_off,base_fee,Aylık sabit ücret (GB10 + 500dk + 100SMS),329.0,329.0,1.0,0.18,2025-08-01
700020,2,data,data_overage,Data aşımı 0.66GB,26.31033528647848,40.0,0.66,0.18,2025-08-31
700020,3,voice,voice_overage,Konuşma aşımı 80 dk,59.63738589251753,0.75,80.0,0.18,2025-08-31
700020,99,tax,vat,KDV,74.69058981221927,74.69058981221927,1.0,0.0,2025-08-31
700021,1,one_off,base_fee,Aylık sabit ücret (GB10 + 500dk + 100SMS),329.0,329.0,1.0,0.18,2025-05-01
700021,2,data,data_overage,Data aşımı 1.69GB,67.6374455245088,40.0,1.69,0.18,2025-05-31
700021,99,tax,vat,KDV,71.39474019441158,71.39474019441158,1.0,0.0,2025-05-31
700022,1,one_off,base_fee,Aylık sabit ücret (GB10 + 500dk + 100SMS),329.0,329.0,1.0,0.18,2025-06-01
700022,2,data,data_overage,Data aşımı 2.57GB,102.82082873721676,40.0,2.57,0.18,2025-06-30
700022,99,tax,vat,KDV,77.727749172699,77.727749172699,1.0,0.0,2025-06-30
700023,1,one_off,base_fee,Aylık sabit ücret (GB10 + 500dk + 100SMS),329.0,329.0,1.0,0.18,2025-07-01
700023,2,data,data_overage,Data aşımı 2.54GB,101.79391886343132,40.0,2.54,0.18,2025-07-31
700023,7,roaming,roaming_data,Roaming data 0.89GB,45.41234036927771,0.05,908.0,0.18,2025-07-31
700023,99,tax,vat,KDV,85.71712666188762,85.71712666188762,1.0,0.0,2025-07-31
700024,1,one_off,base_fee,Aylık sabit ücret (GB10 + 500dk + 100SMS),329.0,329.0,1.0,0.18,2025-08-01
700024,2,data,data_overage,Data aşımı 2.83GB,113.35350212331043,40.0,2.83,0.18,2025-08-31
700024,7,roaming,roaming_data,Roaming data 0.56GB,28.79262238378108,0.05,575.0,0.18,2025-08-31
700024,99,tax,vat,KDV,84.80630241127646,84.80630241127646,1.0,0.0,2025-08-31
700025,1,one_off,base_fee,Aylık sabit ücret (GB10 + 500dk + 100SMS),329.0,329.0,1.0,0.18,2025-05-01
700025,3,voice,voice_overage,Konuşma aşımı 218 dk,163.43678710702818,0.75,218.0,0.18,2025-05-31
700025,99,tax,vat,KDV,88.63862167926507,88.63862167926507,1.0,0.0,2025-05-31
700026,1,one_off,base_fee,Aylık sabit ücret (GB10 + 500dk + 100SMS),329.0,329.0,1.0,0.18,2025-06-01
700026,2,data,data_overage,Data aşımı 1.25GB,50.08740151895452,40.0,1.25,0.18,2025-06-30
700026,3,voice,voice_overage,Konuşma aşımı 145 dk,108.95340964262962,0.75,145.0,0.18,2025-06-30
700026,99,tax,vat,KDV,87.84734600908513,87.84734600908513,1.0,0.0,2025-06-30
700027,1,one_off,base_fee,Aylık sabit ücret (GB10 + 500dk + 100SMS),329.0,329.0,1.0,0.18,2025-07-01
700027,2,data,data_overage,Data aşımı 0.13GB,5.071821693945253,40.0,0.13,0.18,2025-07-31
700027,3,voice,voice_overage,Konuşma aşımı 243 dk,182.41216209150195,0.75,243.0,0.18,2025-07-31
700027,7,roaming,roaming_data,Roaming data 1.30GB,66.64574696073049,0.05,1332.0,0.18,2025-07-31
700027,99,tax,vat,KDV,104.963351534312,104.963351534312,1.0,0.0,2025-07-31
700028,1,one_off,base_fee,Aylık sabit ücret (GB10 + 500dk + 100SMS),329.0,329.0,1.0,0.18,2025-08-01
700028,3,voice,voice_overage,Konuşma aşımı 144 dk,108.19579744071304,0.75,144.0,0.18,2025-08-31
700028,99,tax,vat,KDV,78.69524353932835,78.69524353932835,1.0,0.0,2025-08-31
700029,1,one_off,base_fee,Aylık sabit ücret (GB10 + 500dk + 100SMS),329.0,329.0,1.0,0.18,2025-05-01
700029,2,data,data_overage,Data aşımı 5.38GB,215.36140453323128,40.0,5.38,0.18,2025-05-31
700029,3,voice,voice_overage,Konuşma aşımı 207 dk,155.17474524678477,0.75,207.0,0.18,2025-05-31
700029,7,roaming,roaming_data,Roaming data 0.60GB,30.54404189531964,0.05,610.0,0.18,2025-05-31
700029,99,tax,vat,KDV,131.41443450156044,131.41443450156044,1.0,0.0,2025-05-31
700030,1,one_off,base_fee,Aylık sabit ücret (GB10 + 500dk + 100SMS),329.0,329.0,1.0,0.18,2025-06-01
700030,2,data,data_overage,Data aşımı 5.12GB,204.73340884540116,40.0,5.12,0.18,2025-06-30
700030,6,premium_sms,premium_3rdparty,8888 numarasına 1 SMS,12.0,12.0,1.0,0.18,2025-06-30
700030,99,tax,vat,KDV,98.2320135921722,98.2320135921722,1.0,0.0,2025-06-30
700031,1,one_off,base_fee,Aylık sabit ücret (GB10 + 500dk + 100SMS),329.0,329.0,1.0,0.18,2025-07-01
700031,2,data,data_overage,Data aşımı 6.70GB,268.080528858122,40.0,6.7,0.18,2025-07-31
700031,3,voice,voice_overage,Konuşma aşımı 31 dk,22.94730940519233,0.75,31.0,0.18,2025-07-31
700031,99,tax,vat,KDV,111.6050108873966,111.6050108873966,1.0,0.0,2025-07-31
700032,1,one_off,base_fee,Aylık sabit ücret (GB10 + 500dk + 100SMS),329.0,329.0,1.0,0.18,2025-08-01
700032,2,data,data_overage,Data aşımı 5.24GB,209.4351250812365,40.0,5.24,0.18,2025-08-31
700032,3,voice,voice_overage,Konuşma aşımı 122 dk,91.47117454722525,0.75,122.0,0.18,2025-08-31
700032,99,tax,vat,KDV,113.3831339331231,113.3831339331231,1.0,0.0,2025-08-31
700033,1,one_off,base_fee,Aylık sabit ücret (Sınırsız Sosyal + GB15 + 750dk),479.0,479.0,1.0,0.18,2025-05-01
700033,5,vas,vas_monthly,Müzik+ aylık ücret,29.9,29.9,1.0,0.18,2025-05-31
700033,99,tax,vat,KDV,91.602,91.602,1.0,0.0,2025-05-31
700034,1,one_off,base_fee,Aylık sabit ücret (Sınırsız Sosyal + GB15 + 750dk),479.0,479.0,1.0,0.18,2025-06-01
700034,5,vas,vas_monthly,Müzik+ aylık ücret,29.9,29.9,1.0,0.18,2025-06-30
700034,6,premium_sms,premium_3rdparty,8888 numarasına 2 SMS,24.0,12.0,2.0,0.18,2025-06-30
700034,99,tax,vat,KDV,95.922,95.922,1.0,0.0,2025-06-30
700035,1,one_off,base_fee,Aylık sabit ücret (Sınırsız Sosyal + GB15 + 750dk),479.0,479.0,1.0,0.18,2025-07-01
700035,5,vas,vas_monthly,Müzik+ aylık ücret,29.9,29.9,1.0,0.18,2025-07-31
700035,99,tax,vat,KDV,91.602,91.602,1.0,0.0,2025-07-31
700036,1,one_off,base_fee,Aylık sabit ücret (Sınırsız Sosyal + GB15 + 750dk),479.0,479.0,1.0,0.18,2025-08-01
700036,5,vas,vas_monthly,Müzik+ aylık ücret,29.9,29.9,1.0,0.18,2025-08-31
700036,99,tax,vat,KDV,91.602,91.602,1.0,0.0,2025-08-31
700037,1,one_off,base_fee,Aylık sabit ücret (Sınırsız Sosyal + GB15 + 750dk),479.0,479.0,1.0,0.18,2025-05-01
700037,3,voice,voice_overage,Konuşma aşımı 90 dk,53.74824380414248,0.6,90.0,0.18,2025-05-31
700037,99,tax,vat,KDV,95.89468388474565,95.89468388474565,1.0,0.0,2025-05-31
700038,1,one_off,base_fee,Aylık sabit ücret (Sınırsız Sosyal + GB15 + 750dk),479.0,479.0,1.0,0.18,2025-06-01
700038,2,data,data_overage,Data aşımı 0.68GB,21.667671442580456,32.0,0.68,0.18,2025-06-30
700038,6,premium_sms,premium_3rdparty,7979 numarasına 2 SMS,30.0,15.0,2.0,0.18,2025-06-30
700038,7,roaming,roaming_data,Roaming data 0.54GB,27.81312789632101,0.05,556.0,0.18,2025-06-30
700038,99,tax,vat,KDV,100.52654388100228,100.52654388100228,1.0,0.0,2025-06-30
700039,1,one_off,base_fee,Aylık sabit ücret (Sınırsız Sosyal + GB15 + 750dk),479.0,479.0,1.0,0.18,2025-07-01
700039,3,voice,voice_overage,Konuşma aşımı 60 dk,35.886817056794776,0.6,60.0,0.18,2025-07-31
700039,99,tax,vat,KDV,92.67962707022306,92.67962707022306,1.0,0.0,2025-07-31
700040,1,one_off,base_fee,Aylık sabit ücret (Sınırsız Sosyal + GB15 + 750dk),479.0,479.0,1.0,0.18,2025-08-01
700040,2,data,data_overage,Data aşımı 2.67GB,85.2915615784442,32.0,2.67,0.18,2025-08-31
700040,3,voice,voice_overage,Konuşma aşımı 54 dk,32.65304863920994,0.6,54.0,0.18,2025-08-31
700040,7,roaming,roaming_data,Roaming data 0.64GB,32.85010516809901,0.05,657.0,0.18,2025-08-31
700040,99,tax,vat,KDV,113.36304876943557,113.36304876943557,1.0,0.0,2025-08-31
700041,1,one_off,base_fee,Aylık sabit ücret (GB20 + 750dk + 250SMS),429.0,429.0,1.0,0.18,2025-05-01
700041,99,tax,vat,KDV,77.22,77.22,1.0,0.0,2025-05-31
700042,1,one_off,base_fee,Aylık sabit ücret (GB20 + 750dk + 250SMS),429.0,429.0,1.0,0.18,2025-06-01
700042,7,roaming,roaming_data,Roaming data 0.49GB,25.092300665342943,0.05,501.0,0.18,2025-06-30
700042,99,tax,vat,KDV,81.73661411976173,81.73661411976173,1.0,0.0,2025-06-30
700043,1,one_off,base_fee,Aylık sabit ücret (GB20 + 750dk + 250SMS),429.0,429.0,1.0,0.18,2025-07-01
700043,99,tax,vat,KDV,77.22,77.22,1.0,0.0,2025-07-31
700044,1,one_off,base_fee,Aylık sabit ücret (GB20 + 750dk + 250SMS),429.0,429.0,1.0,0.18,2025-08-01
700044,6,premium_sms,premium_3rdparty,4545 numarasına 1 SMS,10.0,10.0,1.0,0.18,2025-08-31
700044,7,roaming,roaming_data,Roaming data 0.82GB,41.85596426440548,0.05,837.0,0.18,2025-08-31
700044,99,tax,vat,KDV,86.55407356759298,86.55407356759298,1.0,0.0,2025-08-31
700045,1,one_off,base_fee,Aylık sabit ücret (Sınırsız Sosyal + GB15 + 750dk),479.0,479.0,1.0,0.18,2025-05-01
700045,2,data,data_overage,Data aşımı 1.77GB,56.62841052748922,32.0,1.77,0.18,2025-05-31
700045,3,voice,voice_overage,Konuşma aşımı 87 dk,51.95354273993298,0.6,87.0,0.18,2025-05-31
700045,99,tax,vat,KDV,105.764751588136,105.764751588136,1.0,0.0,2025-05-31
700046,1,one_off,base_fee,Aylık sabit ücret (Sınırsız Sosyal + GB15 + 750dk),479.0,479.0,1.0,0.18,2025-06-01
700046,7,roaming,roaming_data,Roaming data 0.72GB,36.99180310782201,0.05,739.0,0.18,2025-06-30
700046,99,tax,vat,KDV,92.87852455940796,92.87852455940796,1.0,0.0,2025-06-30
700047,1,one_off,base_fee,Aylık sabit ücret (Sınırsız Sosyal + GB15 + 750dk),479.0,479.0,1.0,0.18,2025-07-01
700047,99,tax,vat,KDV,86.22,86.22,1.0,0.0,2025-07-31
700048,1,one_off,base_fee,Aylık sabit ücret (Sınırsız Sosyal + GB15 + 750dk),479.0,479.0,1.0,0.18,2025-08-01
700048,2,data,data_overage,Data aşımı 0.03GB,1.1170797221509474,32.0,0.03,0.18,2025-08-31
700048,99,tax,vat,KDV,86.42107434998717,86.42107434998717,1.0,0.0,2025-08-31
700049,1,one_off,base_fee,Aylık sabit ücret (GB10 + 500dk + 100SMS),329.0,329.0,1.0,0.18,2025-05-01
700049,2,data,data_overage,Data aşımı 20.08GB,803.1637140219935,40.0,20.08,0.18,2025-05-31
700049,3,voice,voice_overage,Konuşma aşımı 866 dk,649.7276690741836,0.75,866.0,0.18,2025-05-31
700049,5,vas,vas_monthly,Dijital Dergi aylık ücret,24.9,24.9,1.0,0.18,2025-05-31
700049,6,premium_sms,premium_3rdparty,7979 numarasına 1 SMS,15.0,15.0,1.0,0.18,2025-05-31
700049,99,tax,vat,KDV,327.922448957312,327.922448957312,1.0,0.0,2025-05-31
700050,1,one_off,base_fee,Aylık sabit ücret (GB10 + 500dk + 100SMS),329.0,329.0,1.0,0.18,2025-06-01
700050,2,data,data_overage,Data aşımı 14.62GB,584.8353335951019,40.0,14.62,0.18,2025-06-30
700050,3,voice,voice_overage,Konuşma aşımı 874 dk,655.8205510572516,0.75,874.0,0.18,2025-06-30
700050,5,vas,vas_monthly,Dijital Dergi aylık ücret,24.9,24.9,1.0,0.18,2025-06-30
700050,99,tax,vat,KDV,287.02005923742365,287.02005923742365,1.0,0.0,2025-06-30
700051,1,one_off,base_fee,Aylık sabit ücret (GB10 + 500dk + 100SMS),329.0,329.0,1.0,0.18,2025-07-01
700051,2,data,data_overage,Data aşımı 17.12GB,684.7970384864346,40.0,17.12,0.18,2025-07-31
700051,3,voice,voice_overage,Konuşma aşımı 897 dk,672.7037748766561,0.75,897.0,0.18,2025-07-31
700051,5,vas,vas_monthly,Dijital Dergi aylık ücret,24.9,24.9,1.0,0.18,2025-07-31
700051,99,tax,vat,KDV,308.0521464053564,308.0521464053564,1.0,0.0,2025-07-31
700052,1,one_off,base_fee,Aylık sabit ücret (GB10 + 500dk + 100SMS),329.0,329.0,1.0,0.18,2025-08-01
700052,2,data,data_overage,Data aşımı 16.00GB,639.9895018639006,40.0,16.0,0.18,2025-08-31
700052,3,voice,voice_overage,Konuşma aşımı 1017 dk,762.4709690071145,0.75,1017.0,0.18,2025-08-31
700052,5,vas,vas_monthly,Dijital Dergi aylık ücret,24.9,24.9,1.0,0.18,2025-08-31
700052,6,premium_sms,premium_3rdparty,4545 numarasına 4 SMS,40.0,10.0,4.0,0.18,2025-08-31
700052,99,tax,vat,KDV,323.34488475678273,323.34488475678273,1.0,0.0,2025-08-31
700053,1,one_off,base_fee,Aylık sabit ücret (GB20 + 750dk + 250SMS),429.0,429.0,1.0,0.18,2025-05-01
700053,5,vas,vas_monthly,Müzik+ aylık ücret,29.9,29.9,1.0,0.18,2025-05-31
700053,99,tax,vat,KDV,82.60199999999999,82.60199999999999,1.0,0.0,2025-05-31
700054,1,one_off,base_fee,Aylık sabit ücret (GB20 + 750dk + 250SMS),429.0,429.0,1.0,0.18,2025-06-01
700054,5,vas,vas_monthly,Müzik+ aylık ücret,29.9,29.9,1.0,0.18,2025-06-30
700054,99,tax,vat,KDV,82.60199999999999,82.60199999999999,1.0,0.0,2025-06-30
700055,1,one_off,base_fee,Aylık sabit ücret (GB20 + 750dk + 250SMS),429.0,429.0,1.0,0.18,2025-07-01
700055,5,vas,vas_monthly,Müzik+ aylık ücret,29.9,29.9,1.0,0.18,2025-07-31
700055,99,tax,vat,KDV,82.60199999999999,82.60199999999999,1.0,0.0,2025-07-31
700056,1,one_off,base_fee,Aylık sabit ücret (GB20 + 750dk + 250SMS),429.0,429.0,1.0,0.18,2025-08-01
700056,5,vas,vas_monthly,Müzik+ aylık ücret,29.9,29.9,1.0,0.18,2025-08-31
700056,99,tax,vat,KDV,82.60199999999999,82.60199999999999,1.0,0.0,2025-08-31
700057,1,one_off,base_fee,Aylık sabit ücret (Sınırsız Sosyal + GB15 + 750dk),479.0,479.0,1.0,0.18,2025-05-01
700057,3,voice,voice_overage,Konuşma aşımı 234 dk,140.31540770317687,0.6,234.0,0.18,2025-05-31
700057,5,vas,vas_monthly,Oyun Kulübü aylık ücret (yeni),19.9,19.9,1.0,0.18,2025-05-31
700057,99,tax,vat,KDV,115.05877338657184,115.05877338657184,1.0,0.0,2025-05-31
700058,1,one_off,base_fee,Aylık sabit ücret (Sınırsız Sosyal + GB15 + 750dk),479.0,479.0,1.0,0.18,2025-06-01
700058,3,voice,voice_overage,Konuşma aşımı 228 dk,136.56358942873922,0.6,228.0,0.18,2025-06-30
700058,5,vas,vas_monthly,Oyun Kulübü aylık ücret,19.9,19.9,1.0,0.18,2025-06-30
700058,99,tax,vat,KDV,114.38344609717304,114.38344609717304,1.0,0.0,2025-06-30
700059,1,one_off,base_fee,Aylık sabit ücret (Sınırsız Sosyal + GB15 + 750dk),479.0,479.0,1.0,0.18,2025-07-01
700059,3,voice,voice_overage,Konuşma aşımı 130 dk,77.73684989614408,0.6,130.0,0.18,2025-07-31
700059,5,vas,vas_monthly,Oyun Kulübü aylık ücret,19.9,19.9,1.0,0.18,2025-07-31
700059,99,tax,vat,KDV,103.79463298130594,103.79463298130594,1.0,0.0,2025-07-31
700060,1,one_off,base_fee,Aylık sabit ücret (Sınırsız Sosyal + GB15 + 750dk),479.0,479.0,1.0,0.18,2025-08-01
700060,3,voice,voice_overage,Konuşma aşımı 207 dk,123.9617748202936,0.6,207.0,0.18,2025-08-31
700060,5,vas,vas_monthly,Oyun Kulübü aylık ücret,19.9,19.9,1.0,0.18,2025-08-31
700060,99,tax,vat,KDV,112.11511946765285,112.11511946765285,1.0,0.0,2025-08-31
700061,1,one_off,base_fee,Aylık sabit ücret (GB10 + 500dk + 100SMS),329.0,329.0,1.0,0.18,2025-05-01
700061,2,data,data_overage,Data aşımı 4.38GB,175.3972513096076,40.0,4.38,0.18,2025-05-31
700061,3,voice,voice_overage,Konuşma aşımı 40 dk,29.951521211146,0.75,40.0,0.18,2025-05-31
700061,5,vas,vas_monthly,Dijital Dergi aylık ücret,24.9,24.9,1.0,0.18,2025-05-31
700061,99,tax,vat,KDV,100.66477905373564,100.66477905373564,1.0,0.0,2025-05-31
700062,1,one_off,base_fee,Aylık sabit ücret (GB10 + 500dk + 100SMS),329.0,329.0,1.0,0.18,2025-06-01
700062,2,data,data_overage,Data aşımı 5.17GB,206.8815798400285,40.0,5.17,0.18,2025-06-30
700062,3,voice,voice_overage,Konuşma aşımı 8 dk,6.228030603670703,0.75,8.0,0.18,2025-06-30
700062,5,vas,vas_monthly,Dijital Dergi aylık ücret,24.9,24.9,1.0,0.18,2025-06-30
700062,99,tax,vat,KDV,102.06172987986584,102.06172987986584,1.0,0.0,2025-06-30
700063,1,one_off,base_fee,Aylık sabit ücret (GB10 + 500dk + 100SMS),329.0,329.0,1.0,0.18,2025-07-01
700063,2,data,data_overage,Data aşımı 4.41GB,176.40217622114454,40.0,4.41,0.18,2025-07-31
700063,5,vas,vas_monthly,Dijital Dergi aylık ücret,24.9,24.9,1.0,0.18,2025-07-31
700063,99,tax,vat,KDV,95.45439171980604,95.45439171980604,1.0,0.0,2025-07-31
700064,1,one_off,base_fee,Aylık sabit ücret (GB10 + 500dk + 100SMS),329.0,329.0,1.0,0.18,2025-08-01
700064,2,data,data_overage,Data aşımı 4.52GB,180.77610944319588,40.0,4.52,0.18,2025-08-31
700064,5,vas,vas_monthly,Dijital Dergi aylık ücret,24.9,24.9,1.0,0.18,2025-08-31
700064,99,tax,vat,KDV,96.24169969977524,96.24169969977524,1.0,0.0,2025-08-31
700065,1,one_off,base_fee,Aylık sabit ücret (GB30 + 1000dk + 500SMS),529.0,529.0,1.0,0.18,2025-05-01
700065,5,vas,vas_monthly,Müzik+ aylık ücret,29.9,29.9,1.0,0.18,2025-05-31
700065,99,tax,vat,KDV,100.602,100.602,1.0,0.0,2025-05-31
700066,1,one_off,base_fee,Aylık sabit ücret (GB30 + 1000dk + 500SMS),529.0,529.0,1.0,0.18,2025-06-01
700066,5,vas,vas_monthly,Müzik+ aylık ücret,29.9,29.9,1.0,0.18,2025-06-30
700066,99,tax,vat,KDV,100.602,100.602,1.0,0.0,2025-06-30
700067,1,one_off,base_fee,Aylık sabit ücret (GB30 + 1000dk + 500SMS),529.0,529.0,1.0,0.18,2025-07-01
700067,5,vas,vas_monthly,Müzik+ aylık ücret,29.9,29.9,1.0,0.18,2025-07-31
700067,6,premium_sms,premium_3rdparty,7979 numarasına 1 SMS,15.0,15.0,1.0,0.18,2025-07-31
700067,99,tax,vat,KDV,103.302,103.302,1.0,0.0,2025-07-31
700068,1,one_off,base_fee,Aylık sabit ücret (GB30 + 1000dk + 500SMS),529.0,529.0,1.0,0.18,2025-08-01
700068,5,vas,vas_monthly,Müzik+ aylık ücret,29.9,29.9,1.0,0.18,2025-08-31
700068,99,tax,vat,KDV,100.602,100.602,1.0,0.0,2025-08-31
700069,1,one_off,base_fee,Aylık sabit ücret (GB50 + 1500dk + 1000SMS),699.0,699.0,1.0,0.18,2025-05-01
700069,99,tax,vat,KDV,125.82,125.82,1.0,0.0,2025-05-31
700070,1,one_off,base_fee,Aylık sabit ücret (GB50 + 1500dk + 1000SMS),699.0,699.0,1.0,0.18,2025-06-01
700070,99,tax,vat,KDV,125.82,125.82,1.0,0.0,2025-06-30
700071,1,one_off,base_fee,Aylık sabit ücret (GB50 + 1500dk + 1000SMS),699.0,699.0,1.0,0.18,2025-07-01
700071,99,tax,vat,KDV,125.82,125.82,1.0,0.0,2025-07-31
700072,1,one_off,base_fee,Aylık sabit ücret (GB50 + 1500dk + 1000SMS),699.0,699.0,1.0,0.18,2025-08-01
700072,7,roaming,roaming_data,Roaming data 0.97GB,49.41370035931992,0.05,988.0,0.18,2025-08-31
700072,99,tax,vat,KDV,134.7144660646776,134.7144660646776,1.0,0.0,2025-08-31
700073,1,one_off,base_fee,Aylık sabit ücret (GB10 + 500dk + 100SMS),329.0,329.0,1.0,0.18,2025-05-01
700073,3,voice,voice_overage,Konuşma aşımı 299 dk,224.35516906801257,0.75,299.0,0.18,2025-05-31
700073,6,premium_sms,premium_3rdparty,7979 numarasına 1 SMS,15.0,15.0,1.0,0.18,2025-05-31
700073,99,tax,vat,KDV,102.30393043224228,102.30393043224228,1.0,0.0,2025-05-31
700074,1,one_off,base_fee,Aylık sabit ücret (GB10 + 500dk + 100SMS),329.0,329.0,1.0,0.18,2025-06-01
700074,3,voice,voice_overage,Konuşma aşımı 475 dk,356.415237547719,0.75,475.0,0.18,2025-06-30
700074,99,tax,vat,KDV,123.37474275858942,123.37474275858942,1.0,0.0,2025-06-30
700075,1,one_off,base_fee,Aylık sabit ücret (GB10 + 500dk + 100SMS),329.0,329.0,1.0,0.18,2025-07-01
700075,3,voice,voice_overage,Konuşma aşımı 388 dk,291.1267878558095,0.75,388.0,0.18,2025-07-31
700075,99,tax,vat,KDV,111.6228218140457,111.6228218140457,1.0,0.0,2025-07-31
700076,1,one_off,base_fee,Aylık sabit ücret (GB10 + 500dk + 100SMS),329.0,329.0,1.0,0.18,2025-08-01
700076,3,voice,voice_overage,Konuşma aşımı 454 dk,340.15261027038423,0.75,454.0,0.18,2025-08-31
700076,7,roaming,roaming_data,Roaming data 0.41GB,20.74560614801865,0.05,414.0,0.18,2025-08-31
700076,99,tax,vat,KDV,124.1816789553125,124.1816789553125,1.0,0.0,2025-08-31
700077,1,one_off,base_fee,Aylık sabit ücret (Sınırsız Sosyal + GB15 + 750dk),479.0,479.0,1.0,0.18,2025-05-01
700077,3,voice,voice_overage,Konuşma aşımı 25 dk,14.784293161323738,0.6,25.0,0.18,2025-05-31
700077,99,tax,vat,KDV,88.88117276903827,88.88117276903827,1.0,0.0,2025-05-31
700078,1,one_off,base_fee,Aylık sabit ücret (Sınırsız Sosyal + GB15 + 750dk),479.0,479.0,1.0,0.18,2025-06-01
700078,3,voice,voice_overage,Konuşma aşımı 127 dk,75.98540287649128,0.6,127.0,0.18,2025-06-30
700078,6,premium_sms,premium_3rdparty,7979 numarasına 1 SMS,15.0,15.0,1.0,0.18,2025-06-30
700078,7,roaming,roaming_data,Roaming data 0.72GB,36.83083077368583,0.05,736.0,0.18,2025-06-30
700078,99,tax,vat,KDV,109.22692205703189,109.22692205703189,1.0,0.0,2025-06-30
700079,1,one_off,base_fee,Aylık sabit ücret (Sınırsız Sosyal + GB15 + 750dk),479.0,479.0,1.0,0.18,2025-07-01
700079,3,voice,voice_overage,Konuşma aşımı 63 dk,37.92075765418008,0.6,63.0,0.18,2025-07-31
700079,7,roaming,roaming_data,Roaming data 1.41GB,72.11420043690752,0.05,1442.0,0.18,2025-07-31
700079,99,tax,vat,KDV,106.02629245639577,106.02629245639577,1.0,0.0,2025-07-31
700080,1,one_off,base_fee,Aylık sabit ücret (Sınırsız Sosyal + GB15 + 750dk),479.0,479.0,1.0,0.18,2025-08-01
700080,3,voice,voice_overage,Konuşma aşımı 207 dk,124.17474937711168,0.6,207.0,0.18,2025-08-31
700080,5,vas,vas_monthly,Oyun Kulübü aylık ücret (yeni),19.9,19.9,1.0,0.18,2025-08-31
700080,99,tax,vat,KDV,112.15345488788007,112.15345488788007,1.0,0.0,2025-08-31
700081,1,one_off,base_fee,Aylık sabit ücret (GB30 + 1000dk + 500SMS),529.0,529.0,1.0,0.18,2025-05-01
700081,5,vas,vas_monthly,Dijital Dergi aylık ücret,24.9,24.9,1.0,0.18,2025-05-31
700081,99,tax,vat,KDV,99.702,99.702,1.0,0.0,2025-05-31
700082,1,one_off,base_fee,Aylık sabit ücret (GB30 + 1000dk + 500SMS),529.0,529.0,1.0,0.18,2025-06-01
700082,5,vas,vas_monthly,Dijital Dergi aylık ücret,24.9,24.9,1.0,0.18,2025-06-30
700082,6,premium_sms,premium_3rdparty,8888 numarasına 1 SMS,12.0,12.0,1.0,0.18,2025-06-30
700082,7,roaming,roaming_data,Roaming data 1.36GB,69.49611838922304,0.05,1389.0,0.18,2025-06-30
700082,99,tax,vat,KDV,114.37130131006016,114.37130131006016,1.0,0.0,2025-06-30
700083,1,one_off,base_fee,Aylık sabit ücret (GB30 + 1000dk + 500SMS),529.0,529.0,1.0,0.18,2025-07-01
700083,5,vas,vas_monthly,Dijital Dergi aylık ücret,24.9,24.9,1.0,0.18,2025-07-31
700083,99,tax,vat,KDV,99.702,99.702,1.0,0.0,2025-07-31
700084,1,one_off,base_fee,Aylık sabit ücret (GB30 + 1000dk + 500SMS),529.0,529.0,1.0,0.18,2025-08-01
700084,5,vas,vas_monthly,Dijital Dergi aylık ücret,24.9,24.9,1.0,0.18,2025-08-31
700084,99,tax,vat,KDV,99.702,99.702,1.0,0.0,2025-08-31
700085,1,one_off,base_fee,Aylık sabit ücret (GB10 + 500dk + 100SMS),329.0,329.0,1.0,0.18,2025-05-01
700085,2,data,data_overage,Data aşımı 12.70GB,508.0618377834834,40.0,12.7,0.18,2025-05-31
700085,6,premium_sms,premium_3rdparty,4545 numarasına 1 SMS,10.0,10.0,1.0,0.18,2025-05-31
700085,99,tax,vat,KDV,152.47113080102702,152.47113080102702,1.0,0.0,2025-05-31
700086,1,one_off,base_fee,Aylık sabit ücret (GB10 + 500dk + 100SMS),329.0,329.0,1.0,0.18,2025-06-01
700086,2,data,data_overage,Data aşımı 14.46GB,578.5527037927194,40.0,14.46,0.18,2025-06-30
700086,99,tax,vat,KDV,163.3594866826895,163.3594866826895,1.0,0.0,2025-06-30
700087,1,one_off,base_fee,Aylık sabit ücret (GB10 + 500dk + 100SMS),329.0,329.0,1.0,0.18,2025-07-01
700087,2,data,data_overage,Data aşımı 16.50GB,659.9022445804533,40.0,16.5,0.18,2025-07-31
700087,99,tax,vat,KDV,178.0024040244816,178.0024040244816,1.0,0.0,2025-07-31
700088,1,one_off,base_fee,Aylık sabit ücret (GB10 + 500dk + 100SMS),329.0,329.0,1.0,0.18,2025-08-01
700088,2,data,data_overage,Data aşımı 14.01GB,560.4171370549454,40.0,14.01,0.18,2025-08-31
700088,99,tax,vat,KDV,160.09508466989018,160.09508466989018,1.0,0.0,2025-08-31
700089,1,one_off,base_fee,Aylık sabit ücret (GB50 + 1500dk + 1000SMS),699.0,699.0,1.0,0.18,2025-05-01
700089,99,tax,vat,KDV,125.82,125.82,1.0,0.0,2025-05-31
700090,1,one_off,base_fee,Aylık sabit ücret (GB50 + 1500dk + 1000SMS),699.0,699.0,1.0,0.18,2025-06-01
700090,99,tax,vat,KDV,125.82,125.82,1.0,0.0,2025-06-30
700091,1,one_off,base_fee,Aylık sabit ücret (GB50 + 1500dk + 1000SMS),699.0,699.0,1.0,0.18,2025-07-01
700091,3,voice,voice_overage,Konuşma aşımı 2 dk,1.0780040423816446,0.45,2.0,0.18,2025-07-31
700091,99,tax,vat,KDV,126.01404072762868,126.01404072762868,1.0,0.0,2025-07-31
700092,1,one_off,base_fee,Aylık sabit ücret (GB50 + 1500dk + 1000SMS),699.0,699.0,1.0,0.18,2025-08-01
700092,3,voice,voice_overage,Konuşma aşımı 57 dk,25.788919558033943,0.45,57.0,0.18,2025-08-31
700092,99,tax,vat,KDV,130.4620055204461,130.4620055204461,1.0,0.0,2025-08-31
700093,1,one_off,base_fee,Aylık sabit ücret (GB30 + 1000dk + 500SMS),529.0,529.0,1.0,0.18,2025-05-01
700093,99,tax,vat,KDV,95.22,95.22,1.0,0.0,2025-05-31
700094,1,one_off,base_fee,Aylık sabit ücret (GB30 + 1000dk + 500SMS),529.0,529.0,1.0,0.18,2025-06-01
700094,5,vas,vas_monthly,Müzik+ aylık ücret (yeni),29.9,29.9,1.0,0.18,2025-06-30
700094,99,tax,vat,KDV,100.602,100.602,1.0,0.0,2025-06-30
700095,1,one_off,base_fee,Aylık sabit ücret (GB30 + 1000dk + 500SMS),529.0,529.0,1.0,0.18,2025-07-01
700095,5,vas,vas_monthly,Müzik+ aylık ücret,29.9,29.9,1.0,0.18,2025-07-31
700095,99,tax,vat,KDV,100.602,100.602,1.0,0.0,2025-07-31
700096,1,one_off,base_fee,Aylık sabit ücret (GB30 + 1000dk + 500SMS),529.0,529.0,1.0,0.18,2025-08-01
700096,5,vas,vas_monthly,Müzik+ aylık ücret,29.9,29.9,1.0,0.18,2025-08-31
700096,99,tax,vat,KDV,100.602,100.602,1.0,0.0,2025-08-31
700097,1,one_off,base_fee,Aylık sabit ücret (GB30 + 1000dk + 500SMS),529.0,529.0,1.0,0.18,2025-05-01
700097,6,premium_sms,premium_3rdparty,7979 numarasına 1 SMS,15.0,15.0,1.0,0.18,2025-05-31
700097,99,tax,vat,KDV,97.92,97.92,1.0,0.0,2025-05-31
700098,1,one_off,base_fee,Aylık sabit ücret (GB30 + 1000dk + 500SMS),529.0,529.0,1.0,0.18,2025-06-01
700098,99,tax,vat,KDV,95.22,95.22,1.0,0.0,2025-06-30
700099,1,one_off,base_fee,Aylık sabit ücret (GB30 + 1000dk + 500SMS),529.0,529.0,1.0,0.18,2025-07-01
700099,99,tax,vat,KDV,95.22,95.22,1.0,0.0,2025-07-31
700100,1,one_off,base_fee,Aylık sabit ücret (GB30 + 1000dk + 500SMS),529.0,529.0,1.0,0.18,2025-08-01
700100,99,tax,vat,KDV,95.22,95.22,1.0,0.0,2025-08-31
700101,1,one_off,base_fee,Aylık sabit ücret (GB50 + 1500dk + 1000SMS),699.0,699.0,1.0,0.18,2025-05-01
700101,5,vas,vas_monthly,Dijital Dergi aylık ücret,24.9,24.9,1.0,0.18,2025-05-31
700101,99,tax,vat,KDV,130.302,130.302,1.0,0.0,2025-05-31
700102,1,one_off,base_fee,Aylık sabit ücret (GB50 + 1500dk + 1000SMS),699.0,699.0,1.0,0.18,2025-06-01
700102,5,vas,vas_monthly,Dijital Dergi aylık ücret,24.9,24.9,1.0,0.18,2025-06-30
700102,99,tax,vat,KDV,130.302,130.302,1.0,0.0,2025-06-30
700103,1,one_off,base_fee,Aylık sabit ücret (GB50 + 1500dk + 1000SMS),699.0,699.0,1.0,0.18,2025-07-01
700103,5,vas,vas_monthly,Dijital Dergi aylık ücret,24.9,24.9,1.0,0.18,2025-07-31
700103,99,tax,vat,KDV,130.302,130.302,1.0,0.0,2025-07-31
700104,1,one_off,base_fee,Aylık sabit ücret (GB50 + 1500dk + 1000SMS),699.0,699.0,1.0,0.18,2025-08-01
700104,5,vas,vas_monthly,Dijital Dergi aylık ücret,24.9,24.9,1.0,0.18,2025-08-31
700104,6,premium_sms,premium_3rdparty,7979 numarasına 3 SMS,45.0,15.0,3.0,0.18,2025-08-31
700104,99,tax,vat,KDV,138.402,138.402,1.0,0.0,2025-08-31
700105,1,one_off,base_fee,Aylık sabit ücret (Sınırsız Sosyal + GB15 + 750dk),479.0,479.0,1.0,0.18,2025-05-01
700105,3,voice,voice_overage,Konuşma aşımı 743 dk,445.54665557949767,0.6,743.0,0.18,2025-05-31
700105,5,vas,vas_monthly,Oyun Kulübü aylık ücret,19.9,19.9,1.0,0.18,2025-05-31
700105,7,roaming,roaming_data,Roaming data 0.65GB,33.24221673271865,0.05,664.0,0.18,2025-05-31
700105,99,tax,vat,KDV,175.9839970161989,175.9839970161989,1.0,0.0,2025-05-31
700106,1,one_off,base_fee,Aylık sabit ücret (Sınırsız Sosyal + GB15 + 750dk),479.0,479.0,1.0,0.18,2025-06-01
700106,3,voice,voice_overage,Konuşma aşımı 859 dk,515.1794875351924,0.6,859.0,0.18,2025-06-30
700106,5,vas,vas_monthly,Oyun Kulübü aylık ücret,19.9,19.9,1.0,0.18,2025-06-30
700106,7,roaming,roaming_data,Roaming data 0.48GB,24.66719238082681,0.05,493.0,0.18,2025-06-30
700106,99,tax,vat,KDV,186.97440238488343,186.97440238488343,1.0,0.0,2025-06-30
700107,1,one_off,base_fee,Aylık sabit ücret (Sınırsız Sosyal + GB15 + 750dk),479.0,479.0,1.0,0.18,2025-07-01
700107,3,voice,voice_overage,Konuşma aşımı 901 dk,540.4857103097714,0.6,901.0,0.18,2025-07-31
700107,7,roaming,roaming_data,Roaming data 0.65GB,33.44514761978389,0.05,668.0,0.18,2025-07-31
700107,99,tax,vat,KDV,189.52755442731996,189.52755442731996,1.0,0.0,2025-07-31
700108,1,one_off,base_fee,Aylık sabit ücret (Sınırsız Sosyal + GB15 + 750dk),479.0,479.0,1.0,0.18,2025-08-01
700108,3,voice,voice_overage,Konuşma aşımı 974 dk,584.2646074519575,0.6,974.0,0.18,2025-08-31
700108,7,roaming,roaming_data,Roaming data 0.39GB,20.01522445703431,0.05,400.0,0.18,2025-08-31
700108,99,tax,vat,KDV,194.9903697436185,194.9903697436185,1.0,0.0,2025-08-31
700109,1,one_off,base_fee,Aylık sabit ücret (GB10 + 500dk + 100SMS),329.0,329.0,1.0,0.18,2025-05-01
700109,2,data,data_overage,Data aşımı 6.16GB,246.37979258523472,40.0,6.16,0.18,2025-05-31
700109,3,voice,voice_overage,Konuşma aşımı 324 dk,243.202279184425,0.75,324.0,0.18,2025-05-31
700109,5,vas,vas_monthly,Müzik+ aylık ücret,29.9,29.9,1.0,0.18,2025-05-31
700109,99,tax,vat,KDV,152.72677291853876,152.72677291853876,1.0,0.0,2025-05-31
700110,1,one_off,base_fee,Aylık sabit ücret (GB10 + 500dk + 100SMS),329.0,329.0,1.0,0.18,2025-06-01
700110,2,data,data_overage,Data aşımı 3.53GB,141.24463337435657,40.0,3.53,0.18,2025-06-30
700110,3,voice,voice_overage,Konuşma aşımı 62 dk,46.511716611672426,0.75,62.0,0.18,2025-06-30
700110,5,vas,vas_monthly,Müzik+ aylık ücret,29.9,29.9,1.0,0.18,2025-06-30
700110,99,tax,vat,KDV,98.39814299748522,98.39814299748522,1.0,0.0,2025-06-30
700111,1,one_off,base_fee,Aylık sabit ücret (GB10 + 500dk + 100SMS),329.0,329.0,1.0,0.18,2025-07-01
700111,2,data,data_overage,Data aşımı 4.88GB,195.38968877541856,40.0,4.88,0.18,2025-07-31
700111,3,voice,voice_overage,Konuşma aşımı 176 dk,132.036015043294,0.75,176.0,0.18,2025-07-31
700111,5,vas,vas_monthly,Müzik+ aylık ücret,29.9,29.9,1.0,0.18,2025-07-31
700111,99,tax,vat,KDV,123.53862668736824,123.53862668736824,1.0,0.0,2025-07-31
700112,1,one_off,base_fee,Aylık sabit ücret (GB10 + 500dk + 100SMS),329.0,329.0,1.0,0.18,2025-08-01
700112,2,data,data_overage,Data aşımı 5.45GB,217.8520844806305,40.0,5.45,0.18,2025-08-31
700112,3,voice,voice_overage,Konuşma aşımı 211 dk,158.59239994247736,0.75,211.0,0.18,2025-08-31
700112,5,vas,vas_monthly,Müzik+ aylık ücret,29.9,29.9,1.0,0.18,2025-08-31
700112,99,tax,vat,KDV,132.36200719615942,132.36200719615942,1.0,0.0,2025-08-31
700113,1,one_off,base_fee,Aylık sabit ücret (GB30 + 1000dk + 500SMS),529.0,529.0,1.0,0.18,2025-05-01
700113,99,tax,vat,KDV,95.22,95.22,1.0,0.0,2025-05-31
700114,1,one_off,base_fee,Aylık sabit ücret (GB30 + 1000dk + 500SMS),529.0,529.0,1.0,0.18,2025-06-01
700114,99,tax,vat,KDV,95.22,95.22,1.0,0.0,2025-06-30
700115,1,one_off,base_fee,Aylık sabit ücret (GB30 + 1000dk + 500SMS),529.0,529.0,1.0,0.18,2025-07-01
700115,99,tax,vat,KDV,95.22,95.22,1.0,0.0,2025-07-31
700116,1,one_off,base_fee,Aylık sabit ücret (GB30 + 1000dk + 500SMS),529.0,529.0,1.0,0.18,2025-08-01
700116,99,tax,vat,KDV,95.22,95.22,1.0,0.0,2025-08-31
700117,1,one_off,base_fee,Aylık sabit ücret (Sınırsız Sosyal + GB15 + 750dk),479.0,479.0,1.0,0.18,2025-05-01
700117,2,data,data_overage,Data aşımı 1.16GB,37.20740400477053,32.0,1.16,0.18,2025-05-31
700117,5,vas,vas_monthly,Oyun Kulübü aylık ücret,19.9,19.9,1.0,0.18,2025-05-31
700117,99,tax,vat,KDV,96.49933272085867,96.49933272085867,1.0,0.0,2025-05-31
700118,1,one_off,base_fee,Aylık sabit ücret (Sınırsız Sosyal + GB15 + 750dk),479.0,479.0,1.0,0.18,2025-06-01
700118,5,vas,vas_monthly,Oyun Kulübü aylık ücret,19.9,19.9,1.0,0.18,2025-06-30
700118,99,tax,vat,KDV,89.80199999999999,89.80199999999999,1.0,0.0,2025-06-30
700119,1,one_off,base_fee,Aylık sabit ücret (Sınırsız Sosyal + GB15 + 750dk),479.0,479.0,1.0,0.18,2025-07-01
700119,99,tax,vat,KDV,86.22,86.22,1.0,0.0,2025-07-31
700120,1,one_off,base_fee,Aylık sabit ücret (Sınırsız Sosyal + GB15 + 750dk),479.0,479.0,1.0,0.18,2025-08-01
700120,2,data,data_overage,Data aşımı 1.31GB,41.951338527001326,32.0,1.31,0.18,2025-08-31
700120,99,tax,vat,KDV,93.77124093486024,93.77124093486024,1.0,0.0,2025-08-31
700121,1,one_off,base_fee,Aylık sabit ücret (GB10 + 500dk + 100SMS),329.0,329.0,1.0,0.18,2025-05-01
700121,2,data,data_overage,Data aşımı 4.47GB,178.73328861763872,40.0,4.47,0.18,2025-05-31
700121,6,premium_sms,premium_3rdparty,7979 numarasına 3 SMS,45.0,15.0,3.0,0.18,2025-05-31
700121,99,tax,vat,KDV,99.49199195117497,99.49199195117497,1.0,0.0,2025-05-31
700122,1,one_off,base_fee,Aylık sabit ücret (GB10 + 500dk + 100SMS),329.0,329.0,1.0,0.18,2025-06-01
700122,2,data,data_overage,Data aşımı 2.25GB,90.09762079456864,40.0,2.25,0.18,2025-06-30
700122,5,vas,vas_monthly,Oyun Kulübü aylık ücret (yeni),19.9,19.9,1.0,0.18,2025-06-30
700122,99,tax,vat,KDV,79.01957174302234,79.01957174302234,1.0,0.0,2025-06-30
700123,1,one_off,base_fee,Aylık sabit ücret (GB10 + 500dk + 100SMS),329.0,329.0,1.0,0.18,2025-07-01
700123,2,data,data_overage,Data aşımı 3.10GB,123.97371182368374,40.0,3.1,0.18,2025-07-31
700123,5,vas,vas_monthly,Oyun Kulübü aylık ücret,19.9,19.9,1.0,0.18,2025-07-31
700123,99,tax,vat,KDV,85.11726812826306,85.11726812826306,1.0,0.0,2025-07-31
700124,1,one_off,base_fee,Aylık sabit ücret (GB10 + 500dk + 100SMS),329.0,329.0,1.0,0.18,2025-08-01
700124,2,data,data_overage,Data aşımı 3.01GB,120.31118931131388,40.0,3.01,0.18,2025-08-31
700124,5,vas,vas_monthly,Oyun Kulübü aylık ücret,19.9,19.9,1.0,0.18,2025-08-31
700124,6,premium_sms,premium_3rdparty,7979 numarasına 2 SMS,30.0,15.0,2.0,0.18,2025-08-31
700124,7,roaming,roaming_data,Roaming data 0.68GB,34.68702035708181,0.05,693.0,0.18,2025-08-31
700124,99,tax,vat,KDV,96.10167774031122,96.10167774031122,1.0,0.0,2025-08-31
700125,1,one_off,base_fee,Aylık sabit ücret (GB30 + 1000dk + 500SMS),529.0,529.0,1.0,0.18,2025-05-01
700125,6,premium_sms,premium_3rdparty,7979 numarasına 2 SMS,30.0,15.0,2.0,0.18,2025-05-31
700125,99,tax,vat,KDV,100.62,100.62,1.0,0.0,2025-05-31
700126,1,one_off,base_fee,Aylık sabit ücret (GB30 + 1000dk + 500SMS),529.0,529.0,1.0,0.18,2025-06-01
700126,99,tax,vat,KDV,95.22,95.22,1.0,0.0,2025-06-30
700127,1,one_off,base_fee,Aylık sabit ücret (GB30 + 1000dk + 500SMS),529.0,529.0,1.0,0.18,2025-07-01
700127,6,premium_sms,premium_3rdparty,7979 numarasına 1 SMS,15.0,15.0,1.0,0.18,2025-07-31
700127,7,roaming,roaming_data,Roaming data 0.67GB,34.07953867485848,0.05,681.0,0.18,2025-07-31
700127,99,tax,vat,KDV,104.05431696147453,104.05431696147453,1.0,0.0,2025-07-31
700128,1,one_off,base_fee,Aylık sabit ücret (GB30 + 1000dk + 500SMS),529.0,529.0,1.0,0.18,2025-08-01
700128,99,tax,vat,KDV,95.22,95.22,1.0,0.0,2025-08-31
700129,1,one_off,base_fee,Aylık sabit ücret (GB50 + 1500dk + 1000SMS),699.0,699.0,1.0,0.18,2025-05-01
700129,5,vas,vas_monthly,Müzik+ aylık ücret,29.9,29.9,1.0,0.18,2025-05-31
700129,99,tax,vat,KDV,131.202,131.202,1.0,0.0,2025-05-31
700130,1,one_off,base_fee,Aylık sabit ücret (GB50 + 1500dk + 1000SMS),699.0,699.0,1.0,0.18,2025-06-01
700130,5,vas,vas_monthly,Müzik+ aylık ücret,29.9,29.9,1.0,0.18,2025-06-30
700130,99,tax,vat,KDV,131.202,131.202,1.0,0.0,2025-06-30
700131,1,one_off,base_fee,Aylık sabit ücret (GB50 + 1500dk + 1000SMS),699.0,699.0,1.0,0.18,2025-07-01
700131,5,vas,vas_monthly,Müzik+ aylık ücret,29.9,29.9,1.0,0.18,2025-07-31
700131,99,tax,vat,KDV,131.202,131.202,1.0,0.0,2025-07-31
700132,1,one_off,base_fee,Aylık sabit ücret (GB50 + 1500dk + 1000SMS),699.0,699.0,1.0,0.18,2025-08-01
700132,5,vas,vas_monthly,Müzik+ aylık ücret,29.9,29.9,1.0,0.18,2025-08-31
700132,99,tax,vat,KDV,131.202,131.202,1.0,0.0,2025-08-31
700133,1,one_off,base_fee,Aylık sabit ücret (GB10 + 500dk + 100SMS),329.0,329.0,1.0,0.18,2025-05-01
700133,2,data,data_overage,Data aşımı 2.57GB,102.73803035637911,40.0,2.57,0.18,2025-05-31
700133,3,voice,voice_overage,Konuşma aşımı 84 dk,63.28703492722593,0.75,84.0,0.18,2025-05-31
700133,6,premium_sms,premium_3rdparty,7979 numarasına 1 SMS,15.0,15.0,1.0,0.18,2025-05-31
700133,99,tax,vat,KDV,91.8045117510489,91.8045117510489,1.0,0.0,2025-05-31
700134,1,one_off,base_fee,Aylık sabit ücret (GB10 + 500dk + 100SMS),329.0,329.0,1.0,0.18,2025-06-01
700134,2,data,data_overage,Data aşımı 3.39GB,135.56931974507228,40.0,3.39,0.18,2025-06-30
700134,3,voice,voice_overage,Konuşma aşımı 90 dk,67.55072138603515,0.75,90.0,0.18,2025-06-30
700134,99,tax,vat,KDV,95.78160740359934,95.78160740359934,1.0,0.0,2025-06-30
700135,1,one_off,base_fee,Aylık sabit ücret (GB10 + 500dk + 100SMS),329.0,329.0,1.0,0.18,2025-07-01
700135,2,data,data_overage,Data aşımı 2.12GB,84.99162657640021,40.0,2.12,0.18,2025-07-31
700135,3,voice,voice_overage,Konuşma aşımı 37 dk,27.569316343383747,0.75,37.0,0.18,2025-07-31
700135,99,tax,vat,KDV,79.48096972556111,79.48096972556111,1.0,0.0,2025-07-31
700136,1,one_off,base_fee,Aylık sabit ücret (GB10 + 500dk + 100SMS),329.0,329.0,1.0,0.18,2025-08-01
700136,2,data,data_overage,Data aşımı 1.40GB,56.10570402340038,40.0,1.4,0.18,2025-08-31
700136,3,voice,voice_overage,Konuşma aşımı 68 dk,50.89098626076191,0.75,68.0,0.18,2025-08-31
700136,99,tax,vat,KDV,78.4794042511492,78.4794042511492,1.0,0.0,2025-08-31
700137,1,one_off,base_fee,Aylık sabit ücret (GB50 + 1500dk + 1000SMS),699.0,699.0,1.0,0.18,2025-05-01
700137,99,tax,vat,KDV,125.82,125.82,1.0,0.0,2025-05-31
700138,1,one_off,base_fee,Aylık sabit ücret (GB50 + 1500dk + 1000SMS),699.0,699.0,1.0,0.18,2025-06-01
700138,99,tax,vat,KDV,125.82,125.82,1.0,0.0,2025-06-30
700139,1,one_off,base_fee,Aylık sabit ücret (GB50 + 1500dk + 1000SMS),699.0,699.0,1.0,0.18,2025-07-01
700139,99,tax,vat,KDV,125.82,125.82,1.0,0.0,2025-07-31
700140,1,one_off,base_fee,Aylık sabit ücret (GB50 + 1500dk + 1000SMS),699.0,699.0,1.0,0.18,2025-08-01
700140,99,tax,vat,KDV,125.82,125.82,1.0,0.0,2025-08-31
700141,1,one_off,base_fee,Aylık sabit ücret (GB20 + 750dk + 250SMS),429.0,429.0,1.0,0.18,2025-05-01
700141,5,vas,vas_monthly,Müzik+ aylık ücret,29.9,29.9,1.0,0.18,2025-05-31
700141,99,tax,vat,KDV,82.60199999999999,82.60199999999999,1.0,0.0,2025-05-31
700142,1,one_off,base_fee,Aylık sabit ücret (GB20 + 750dk + 250SMS),429.0,429.0,1.0,0.18,2025-06-01
700142,5,vas,vas_monthly,Müzik+ aylık ücret,29.9,29.9,1.0,0.18,2025-06-30
700142,7,roaming,roaming_data,Roaming data 0.59GB,30.199416392287866,0.05,603.0,0.18,2025-06-30
700142,99,tax,vat,KDV,88.0378949506118,88.0378949506118,1.0,0.0,2025-06-30
700143,1,one_off,base_fee,Aylık sabit ücret (GB20 + 750dk + 250SMS),429.0,429.0,1.0,0.18,2025-07-01
700143,5,vas,vas_monthly,Müzik+ aylık ücret,29.9,29.9,1.0,0.18,2025-07-31
700143,6,premium_sms,premium_3rdparty,4545 numarasına 2 SMS,20.0,10.0,2.0,0.18,2025-07-31
700143,7,roaming,roaming_data,Roaming data 1.16GB,59.25572127577797,0.05,1185.0,0.18,2025-07-31
700143,99,tax,vat,KDV,96.86802982964004,96.86802982964004,1.0,0.0,2025-07-31
700144,1,one_off,base_fee,Aylık sabit ücret (GB20 + 750dk + 250SMS),429.0,429.0,1.0,0.18,2025-08-01
700144,5,vas,vas_monthly,Müzik+ aylık ücret,29.9,29.9,1.0,0.18,2025-08-31
700144,99,tax,vat,KDV,82.60199999999999,82.60199999999999,1.0,0.0,2025-08-31
700145,1,one_off,base_fee,Aylık sabit ücret (GB20 + 750dk + 250SMS),429.0,429.0,1.0,0.18,2025-05-01
700145,3,voice,voice_overage,Konuşma aşımı 191 dk,124.0953980406285,0.65,191.0,0.18,2025-05-31
700145,7,roaming,roaming_data,Roaming data 0.91GB,46.45758406885525,0.05,929.0,0.18,2025-05-31
700145,99,tax,vat,KDV,107.91953677970707,107.91953677970707,1.0,0.0,2025-05-31
700146,1,one_off,base_fee,Aylık sabit ücret (GB20 + 750dk + 250SMS),429.0,429.0,1.0,0.18,2025-06-01
700146,3,voice,voice_overage,Konuşma aşımı 108 dk,70.29861720312363,0.65,108.0,0.18,2025-06-30
700146,99,tax,vat,KDV,89.87375109656224,89.87375109656224,1.0,0.0,2025-06-30
700147,1,one_off,base_fee,Aylık sabit ücret (GB20 + 750dk + 250SMS),429.0,429.0,1.0,0.18,2025-07-01
700147,3,voice,voice_overage,Konuşma aşımı 121 dk,78.63434438110939,0.65,121.0,0.18,2025-07-31
700147,6,premium_sms,premium_3rdparty,7979 numarasına 1 SMS,15.0,15.0,1.0,0.18,2025-07-31
700147,7,roaming,roaming_data,Roaming data 1.90GB,97.05193797416274,0.05,1941.0,0.18,2025-07-31
700147,99,tax,vat,KDV,111.54353082394898,111.54353082394898,1.0,0.0,2025-07-31
700148,1,one_off,base_fee,Aylık sabit ücret (GB20 + 750dk + 250SMS),429.0,429.0,1.0,0.18,2025-08-01
700148,3,voice,voice_overage,Konuşma aşımı 250 dk,162.20529079658957,0.65,250.0,0.18,2025-08-31
700148,99,tax,vat,KDV,106.41695234338611,106.41695234338611,1.0,0.0,2025-08-31
700149,1,one_off,base_fee,Aylık sabit ücret (GB10 + 500dk + 100SMS),329.0,329.0,1.0,0.18,2025-05-01
700149,5,vas,vas_monthly,Dijital Dergi aylık ücret,24.9,24.9,1.0,0.18,2025-05-31
700149,99,tax,vat,KDV,63.70199999999999,63.70199999999999,1.0,0.0,2025-05-31
700150,1,one_off,base_fee,Aylık sabit ücret (GB10 + 500dk + 100SMS),329.0,329.0,1.0,0.18,2025-06-01
700150,5,vas,vas_monthly,Dijital Dergi aylık ücret,24.9,24.9,1.0,0.18,2025-06-30
700150,99,tax,vat,KDV,63.70199999999999,63.70199999999999,1.0,0.0,2025-06-30
700151,1,one_off,base_fee,Aylık sabit ücret (GB10 + 500dk + 100SMS),329.0,329.0,1.0,0.18,2025-07-01
700151,5,vas,vas_monthly,Dijital Dergi aylık ücret,24.9,24.9,1.0,0.18,2025-07-31
700151,99,tax,vat,KDV,63.70199999999999,63.70199999999999,1.0,0.0,2025-07-31
700152,1,one_off,base_fee,Aylık sabit ücret (GB10 + 500dk + 100SMS),329.0,329.0,1.0,0.18,2025-08-01
700152,5,vas,vas_monthly,Dijital Dergi aylık ücret,24.9,24.9,1.0,0.18,2025-08-31
700152,99,tax,vat,KDV,63.70199999999999,63.70199999999999,1.0,0.0,2025-08-31
700153,1,one_off,base_fee,Aylık sabit ücret (GB20 + 750dk + 250SMS),429.0,429.0,1.0,0.18,2025-05-01
700153,99,tax,vat,KDV,77.22,77.22,1.0,0.0,2025-05-31
700154,1,one_off,base_fee,Aylık sabit ücret (GB20 + 750dk + 250SMS),429.0,429.0,1.0,0.18,2025-06-01
700154,99,tax,vat,KDV,77.22,77.22,1.0,0.0,2025-06-30
700155,1,one_off,base_fee,Aylık sabit ücret (GB20 + 750dk + 250SMS),429.0,429.0,1.0,0.18,2025-07-01
700155,99,tax,vat,KDV,77.22,77.22,1.0,0.0,2025-07-31
700156,1,one_off,base_fee,Aylık sabit ücret (GB20 + 750dk + 250SMS),429.0,429.0,1.0,0.18,2025-08-01
700156,99,tax,vat,KDV,77.22,77.22,1.0,0.0,2025-08-31
700157,1,one_off,base_fee,Aylık sabit ücret (GB20 + 750dk + 250SMS),429.0,429.0,1.0,0.18,2025-05-01
700157,99,tax,vat,KDV,77.22,77.22,1.0,0.0,2025-05-31
700158,1,one_off,base_fee,Aylık sabit ücret (GB20 + 750dk + 250SMS),429.0,429.0,1.0,0.18,2025-06-01
700158,99,tax,vat,KDV,77.22,77.22,1.0,0.0,2025-06-30
700159,1,one_off,base_fee,Aylık sabit ücret (GB20 + 750dk + 250SMS),429.0,429.0,1.0,0.18,2025-07-01
700159,7,roaming,roaming_data,Roaming data 0.58GB,29.94222877603523,0.05,598.0,0.18,2025-07-31
700159,99,tax,vat,KDV,82.60960117968634,82.60960117968634,1.0,0.0,2025-07-31
700160,1,one_off,base_fee,Aylık sabit ücret (GB20 + 750dk + 250SMS),429.0,429.0,1.0,0.18,2025-08-01
700160,99,tax,vat,KDV,77.22,77.22,1.0,0.0,2025-08-31
700161,1,one_off,base_fee,Aylık sabit ücret (GB30 + 1000dk + 500SMS),529.0,529.0,1.0,0.18,2025-05-01
700161,99,tax,vat,KDV,95.22,95.22,1.0,0.0,2025-05-31
700162,1,one_off,base_fee,Aylık sabit ücret (GB30 + 1000dk + 500SMS),529.0,529.0,1.0,0.18,2025-06-01
700162,99,tax,vat,KDV,95.22,95.22,1.0,0.0,2025-06-30
700163,1,one_off,base_fee,Aylık sabit ücret (GB30 + 1000dk + 500SMS),529.0,529.0,1.0,0.18,2025-07-01
700163,99,tax,vat,KDV,95.22,95.22,1.0,0.0,2025-07-31
700164,1,one_off,base_fee,Aylık sabit ücret (GB30 + 1000dk + 500SMS),529.0,529.0,1.0,0.18,2025-08-01
700164,7,roaming,roaming_data,Roaming data 1.68GB,86.2532602399409,0.05,1725.0,0.18,2025-08-31
700164,99,tax,vat,KDV,110.74558684318936,110.74558684318936,1.0,0.0,2025-08-31
700165,1,one_off,base_fee,Aylık sabit ücret (GB30 + 1000dk + 500SMS),529.0,529.0,1.0,0.18,2025-05-01
700165,3,voice,voice_overage,Konuşma aşımı 540 dk,296.9258125689977,0.55,540.0,0.18,2025-05-31
700165,5,vas,vas_monthly,Müzik+ aylık ücret,29.9,29.9,1.0,0.18,2025-05-31
700165,7,roaming,roaming_data,Roaming data 0.79GB,40.46107387024027,0.05,809.0,0.18,2025-05-31
700165,99,tax,vat,KDV,161.33163955906284,161.33163955906284,1.0,0.0,2025-05-31
700166,1,one_off,base_fee,Aylık sabit ücret (GB30 + 1000dk + 500SMS),529.0,529.0,1.0,0.18,2025-06-01
700166,3,voice,voice_overage,Konuşma aşımı 693 dk,381.1225586933936,0.55,693.0,0.18,2025-06-30
700166,5,vas,vas_monthly,Müzik+ aylık ücret,29.9,29.9,1.0,0.18,2025-06-30
700166,7,roaming,roaming_data,Roaming data 1.26GB,64.76269760954229,0.05,1295.0,0.18,2025-06-30
700166,99,tax,vat,KDV,180.86134613452845,180.86134613452845,1.0,0.0,2025-06-30
700167,1,one_off,base_fee,Aylık sabit ücret (GB30 + 1000dk + 500SMS),529.0,529.0,1.0,0.18,2025-07-01
700167,3,voice,voice_overage,Konuşma aşımı 394 dk,216.535193042928,0.55,394.0,0.18,2025-07-31
700167,5,vas,vas_monthly,Müzik+ aylık ücret,29.9,29.9,1.0,0.18,2025-07-31
700167,99,tax,vat,KDV,139.578334747727,139.578334747727,1.0,0.0,2025-07-31
700168,1,one_off,base_fee,Aylık sabit ücret (GB30 + 1000dk + 500SMS),529.0,529.0,1.0,0.18,2025-08-01
700168,3,voice,voice_overage,Konuşma aşımı 704 dk,387.3783046561316,0.55,704.0,0.18,2025-08-31
700168,7,roaming,roaming_data,Roaming data 0.93GB,47.37803522446191,0.05,947.0,0.18,2025-08-31
700168,99,tax,vat,KDV,173.47614117850682,173.47614117850682,1.0,0.0,2025-08-31
700169,1,one_off,base_fee,Aylık sabit ücret (GB20 + 750dk + 250SMS),429.0,429.0,1.0,0.18,2025-05-01
700169,5,vas,vas_monthly,Oyun Kulübü aylık ücret,19.9,19.9,1.0,0.18,2025-05-31
700169,6,premium_sms,premium_3rdparty,4545 numarasına 2 SMS,20.0,10.0,2.0,0.18,2025-05-31
700169,99,tax,vat,KDV,84.40199999999999,84.40199999999999,1.0,0.0,2025-05-31
700170,1,one_off,base_fee,Aylık sabit ücret (GB20 + 750dk + 250SMS),429.0,429.0,1.0,0.18,2025-06-01
700170,5,vas,vas_monthly,Oyun Kulübü aylık ücret,19.9,19.9,1.0,0.18,2025-06-30
700170,7,roaming,roaming_data,Roaming data 1.75GB,89.56249873180332,0.05,1791.0,0.18,2025-06-30
700170,99,tax,vat,KDV,96.92324977172458,96.92324977172458,1.0,0.0,2025-06-30
700171,1,one_off,base_fee,Aylık sabit ücret (GB20 + 750dk + 250SMS),429.0,429.0,1.0,0.18,2025-07-01
700171,5,vas,vas_monthly,Oyun Kulübü aylık ücret,19.9,19.9,1.0,0.18,2025-07-31
700171,6,premium_sms,premium_3rdparty,4545 numarasına 2 SMS,20.0,10.0,2.0,0.18,2025-07-31
700171,99,tax,vat,KDV,84.40199999999999,84.40199999999999,1.0,0.0,2025-07-31
700172,1,one_off,base_fee,Aylık sabit ücret (GB20 + 750dk + 250SMS),429.0,429.0,1.0,0.18,2025-08-01
700172,5,vas,vas_monthly,Oyun Kulübü aylık ücret,19.9,19.9,1.0,0.18,2025-08-31
700172,99,tax,vat,KDV,80.80199999999999,80.80199999999999,1.0,0.0,2025-08-31
700173,1,one_off,base_fee,Aylık sabit ücret (GB30 + 1000dk + 500SMS),529.0,529.0,1.0,0.18,2025-05-01
700173,5,vas,vas_monthly,Dijital Dergi aylık ücret,24.9,24.9,1.0,0.18,2025-05-31
700173,6,premium_sms,premium_3rdparty,4545 numarasına 1 SMS,10.0,10.0,1.0,0.18,2025-05-31
700173,99,tax,vat,KDV,101.502,101.502,1.0,0.0,2025-05-31
700174,1,one_off,base_fee,Aylık sabit ücret (GB30 + 1000dk + 500SMS),529.0,529.0,1.0,0.18,2025-06-01
700174,5,vas,vas_monthly,Dijital Dergi aylık ücret,24.9,24.9,1.0,0.18,2025-06-30
700174,99,tax,vat,KDV,99.702,99.702,1.0,0.0,2025-06-30
700175,1,one_off,base_fee,Aylık sabit ücret (GB30 + 1000dk + 500SMS),529.0,529.0,1.0,0.18,2025-07-01
700175,5,vas,vas_monthly,Dijital Dergi aylık ücret,24.9,24.9,1.0,0.18,2025-07-31
700175,99,tax,vat,KDV,99.702,99.702,1.0,0.0,2025-07-31
700176,1,one_off,base_fee,Aylık sabit ücret (GB30 + 1000dk + 500SMS),529.0,529.0,1.0,0.18,2025-08-01
700176,99,tax,vat,KDV,95.22,95.22,1.0,0.0,2025-08-31
700177,1,one_off,base_fee,Aylık sabit ücret (GB50 + 1500dk + 1000SMS),699.0,699.0,1.0,0.18,2025-05-01
700177,7,roaming,roaming_data,Roaming data 0.67GB,34.19911368572076,0.05,683.0,0.18,2025-05-31
700177,99,tax,vat,KDV,131.97584046342973,131.97584046342973,1.0,0.0,2025-05-31
700178,1,one_off,base_fee,Aylık sabit ücret (GB50 + 1500dk + 1000SMS),699.0,699.0,1.0,0.18,2025-06-01
700178,3,voice,voice_overage,Konuşma aşımı 39 dk,17.65977279848361,0.45,39.0,0.18,2025-06-30
700178,6,premium_sms,premium_3rdparty,4545 numarasına 1 SMS,10.0,10.0,1.0,0.18,2025-06-30
700178,7,roaming,roaming_data,Roaming data 0.71GB,36.25240676516341,0.05,725.0,0.18,2025-06-30
700178,99,tax,vat,KDV,137.32419232145645,137.32419232145645,1.0,0.0,2025-06-30
700179,1,one_off,base_fee,Aylık sabit ücret (GB50 + 1500dk + 1000SMS),699.0,699.0,1.0,0.18,2025-07-01
700179,3,voice,voice_overage,Konuşma aşımı 32 dk,14.4330794221729,0.45,32.0,0.18,2025-07-31
700179,7,roaming,roaming_data,Roaming data 0.60GB,30.700751730142954,0.05,614.0,0.18,2025-07-31
700179,99,tax,vat,KDV,133.94408960741686,133.94408960741686,1.0,0.0,2025-07-31
700180,1,one_off,base_fee,Aylık sabit ücret (GB50 + 1500dk + 1000SMS),699.0,699.0,1.0,0.18,2025-08-01
700180,3,voice,voice_overage,Konuşma aşımı 521 dk,234.47410316543727,0.45,521.0,0.18,2025-08-31
700180,7,roaming,roaming_data,Roaming data 0.75GB,38.19041612657575,0.05,763.0,0.18,2025-08-31
700180,99,tax,vat,KDV,174.89961347256235,174.89961347256235,1.0,0.0,2025-08-31
700181,1,one_off,base_fee,Aylık sabit ücret (GB50 + 1500dk + 1000SMS),699.0,699.0,1.0,0.18,2025-05-01
700181,99,tax,vat,KDV,125.82,125.82,1.0,0.0,2025-05-31
700182,1,one_off,base_fee,Aylık sabit ücret (GB50 + 1500dk + 1000SMS),699.0,699.0,1.0,0.18,2025-06-01
700182,99,tax,vat,KDV,125.82,125.82,1.0,0.0,2025-06-30
700183,1,one_off,base_fee,Aylık sabit ücret (GB50 + 1500dk + 1000SMS),699.0,699.0,1.0,0.18,2025-07-01
700183,99,tax,vat,KDV,125.82,125.82,1.0,0.0,2025-07-31
700184,1,one_off,base_fee,Aylık sabit ücret (GB50 + 1500dk + 1000SMS),699.0,699.0,1.0,0.18,2025-08-01
700184,7,roaming,roaming_data,Roaming data 0.44GB,22.690081770853904,0.05,453.0,0.18,2025-08-31
700184,99,tax,vat,KDV,129.9042147187537,129.9042147187537,1.0,0.0,2025-08-31
700185,1,one_off,base_fee,Aylık sabit ücret (GB30 + 1000dk + 500SMS),529.0,529.0,1.0,0.18,2025-05-01
700185,5,vas,vas_monthly,Dijital Dergi aylık ücret,24.9,24.9,1.0,0.18,2025-05-31
700185,99,tax,vat,KDV,99.702,99.702,1.0,0.0,2025-05-31
700186,1,one_off,base_fee,Aylık sabit ücret (GB30 + 1000dk + 500SMS),529.0,529.0,1.0,0.18,2025-06-01
700186,5,vas,vas_monthly,Dijital Dergi aylık ücret,24.9,24.9,1.0,0.18,2025-06-30
700186,99,tax,vat,KDV,99.702,99.702,1.0,0.0,2025-06-30
700187,1,one_off,base_fee,Aylık sabit ücret (GB30 + 1000dk + 500SMS),529.0,529.0,1.0,0.18,2025-07-01
700187,5,vas,vas_monthly,Dijital Dergi aylık ücret,24.9,24.9,1.0,0.18,2025-07-31
700187,99,tax,vat,KDV,99.702,99.702,1.0,0.0,2025-07-31
700188,1,one_off,base_fee,Aylık sabit ücret (GB30 + 1000dk + 500SMS),529.0,529.0,1.0,0.18,2025-08-01
700188,99,tax,vat,KDV,95.22,95.22,1.0,0.0,2025-08-31
700189,1,one_off,base_fee,Aylık sabit ücret (GB20 + 750dk + 250SMS),429.0,429.0,1.0,0.18,2025-05-01
700189,99,tax,vat,KDV,77.22,77.22,1.0,0.0,2025-05-31
700190,1,one_off,base_fee,Aylık sabit ücret (GB20 + 750dk + 250SMS),429.0,429.0,1.0,0.18,2025-06-01
700190,5,vas,vas_monthly,Dijital Dergi aylık ücret (yeni),24.9,24.9,1.0,0.18,2025-06-30
700190,99,tax,vat,KDV,81.702,81.702,1.0,0.0,2025-06-30
700191,1,one_off,base_fee,Aylık sabit ücret (GB20 + 750dk + 250SMS),429.0,429.0,1.0,0.18,2025-07-01
700191,5,vas,vas_monthly,Dijital Dergi aylık ücret,24.9,24.9,1.0,0.18,2025-07-31
700191,99,tax,vat,KDV,81.702,81.702,1.0,0.0,2025-07-31
700192,1,one_off,base_fee,Aylık sabit ücret (GB20 + 750dk + 250SMS),429.0,429.0,1.0,0.18,2025-08-01
700192,5,vas,vas_monthly,Dijital Dergi aylık ücret,24.9,24.9,1.0,0.18,2025-08-31
700192,99,tax,vat,KDV,81.702,81.702,1.0,0.0,2025-08-31
700193,1,one_off,base_fee,Aylık sabit ücret (GB10 + 500dk + 100SMS),329.0,329.0,1.0,0.18,2025-05-01
700193,3,voice,voice_overage,Konuşma aşımı 67 dk,50.05354864776695,0.75,67.0,0.18,2025-05-31
700193,5,vas,vas_monthly,Müzik+ aylık ücret,29.9,29.9,1.0,0.18,2025-05-31
700193,99,tax,vat,KDV,73.61163875659804,73.61163875659804,1.0,0.0,2025-05-31
700194,1,one_off,base_fee,Aylık sabit ücret (GB10 + 500dk + 100SMS),329.0,329.0,1.0,0.18,2025-06-01
700194,3,voice,voice_overage,Konuşma aşımı 119 dk,89.30520229175454,0.75,119.0,0.18,2025-06-30
700194,5,vas,vas_monthly,Müzik+ aylık ücret,29.9,29.9,1.0,0.18,2025-06-30
700194,99,tax,vat,KDV,80.67693641251581,80.67693641251581,1.0,0.0,2025-06-30
700195,1,one_off,base_fee,Aylık sabit ücret (GB10 + 500dk + 100SMS),329.0,329.0,1.0,0.18,2025-07-01
700195,3,voice,voice_overage,Konuşma aşımı 64 dk,47.719624459304754,0.75,64.0,0.18,2025-07-31
700195,5,vas,vas_monthly,Müzik+ aylık ücret,29.9,29.9,1.0,0.18,2025-07-31
700195,99,tax,vat,KDV,73.19153240267485,73.19153240267485,1.0,0.0,2025-07-31
700196,1,one_off,base_fee,Aylık sabit ücret (GB10 + 500dk + 100SMS),329.0,329.0,1.0,0.18,2025-08-01
700196,3,voice,voice_overage,Konuşma aşımı 130 dk,97.28060588073048,0.75,130.0,0.18,2025-08-31
700196,5,vas,vas_monthly,Müzik+ aylık ücret,29.9,29.9,1.0,0.18,2025-08-31
700196,99,tax,vat,KDV,82.11250905853149,82.11250905853149,1.0,0.0,2025-08-31
700197,1,one_off,base_fee,Aylık sabit ücret (GB20 + 750dk + 250SMS),429.0,429.0,1.0,0.18,2025-05-01
700197,6,premium_sms,premium_3rdparty,4545 numarasına 1 SMS,10.0,10.0,1.0,0.18,2025-05-31
700197,99,tax,vat,KDV,79.02,79.02,1.0,0.0,2025-05-31
700198,1,one_off,base_fee,Aylık sabit ücret (GB20 + 750dk + 250SMS),429.0,429.0,1.0,0.18,2025-06-01
700198,5,vas,vas_monthly,Dijital Dergi aylık ücret (yeni),24.9,24.9,1.0,0.18,2025-06-30
700198,99,tax,vat,KDV,81.702,81.702,1.0,0.0,2025-06-30
700199,1,one_off,base_fee,Aylık sabit ücret (GB20 + 750dk + 250SMS),429.0,429.0,1.0,0.18,2025-07-01
700199,3,voice,voice_overage,Konuşma aşımı 3 dk,2.2640164805701204,0.65,3.0,0.18,2025-07-31
700199,5,vas,vas_monthly,Dijital Dergi aylık ücret,24.9,24.9,1.0,0.18,2025-07-31
700199,99,tax,vat,KDV,82.10952296650262,82.10952296650262,1.0,0.0,2025-07-31
700200,1,one_off,base_fee,Aylık sabit ücret (GB20 + 750dk + 250SMS),429.0,429.0,1.0,0.18,2025-08-01
700200,5,vas,vas_monthly,Dijital Dergi aylık ücret,24.9,24.9,1.0,0.18,2025-08-31
700200,6,premium_sms,premium_3rdparty,8888 numarasına 1 SMS,12.0,12.0,1.0,0.18,2025-08-31
700200,99,tax,vat,KDV,83.862,83.862,1.0,0.0,2025-08-31
700201,1,one_off,base_fee,Aylık sabit ücret (GB50 + 1500dk + 1000SMS),699.0,699.0,1.0,0.18,2025-05-01
700201,99,tax,vat,KDV,125.82,125.82,1.0,0.0,2025-05-31
700202,1,one_off,base_fee,Aylık sabit ücret (GB50 + 1500dk + 1000SMS),699.0,699.0,1.0,0.18,2025-06-01
700202,99,tax,vat,KDV,125.82,125.82,1.0,0.0,2025-06-30
700203,1,one_off,base_fee,Aylık sabit ücret (GB50 + 1500dk + 1000SMS),699.0,699.0,1.0,0.18,2025-07-01
700203,7,roaming,roaming_data,Roaming data 0.41GB,21.240696558658776,0.05,424.0,0.18,2025-07-31
700203,99,tax,vat,KDV,129.64332538055857,129.64332538055857,1.0,0.0,2025-07-31
700204,1,one_off,base_fee,Aylık sabit ücret (GB50 + 1500dk + 1000SMS),699.0,699.0,1.0,0.18,2025-08-01
700204,99,tax,vat,KDV,125.82,125.82,1.0,0.0,2025-08-31
700205,1,one_off,base_fee,Aylık sabit ücret (GB30 + 1000dk + 500SMS),529.0,529.0,1.0,0.18,2025-05-01
700205,99,tax,vat,KDV,95.22,95.22,1.0,0.0,2025-05-31
700206,1,one_off,base_fee,Aylık sabit ücret (GB30 + 1000dk + 500SMS),529.0,529.0,1.0,0.18,2025-06-01
700206,6,premium_sms,premium_3rdparty,8888 numarasına 2 SMS,24.0,12.0,2.0,0.18,2025-06-30
700206,99,tax,vat,KDV,99.54,99.54,1.0,0.0,2025-06-30
700207,1,one_off,base_fee,Aylık sabit ücret (GB30 + 1000dk + 500SMS),529.0,529.0,1.0,0.18,2025-07-01
700207,99,tax,vat,KDV,95.22,95.22,1.0,0.0,2025-07-31
700208,1,one_off,base_fee,Aylık sabit ücret (GB30 + 1000dk + 500SMS),529.0,529.0,1.0,0.18,2025-08-01
700208,99,tax,vat,KDV,95.22,95.22,1.0,0.0,2025-08-31
700209,1,one_off,base_fee,Aylık sabit ücret (GB50 + 1500dk + 1000SMS),699.0,699.0,1.0,0.18,2025-05-01
700209,6,premium_sms,premium_3rdparty,8888 numarasına 1 SMS,12.0,12.0,1.0,0.18,2025-05-31
700209,99,tax,vat,KDV,127.98,127.98,1.0,0.0,2025-05-31
700210,1,one_off,base_fee,Aylık sabit ücret (GB50 + 1500dk + 1000SMS),699.0,699.0,1.0,0.18,2025-06-01
700210,99,tax,vat,KDV,125.82,125.82,1.0,0.0,2025-06-30
700211,1,one_off,base_fee,Aylık sabit ücret (GB50 + 1500dk + 1000SMS),699.0,699.0,1.0,0.18,2025-07-01
700211,99,tax,vat,KDV,125.82,125.82,1.0,0.0,2025-07-31
700212,1,one_off,base_fee,Aylık sabit ücret (GB50 + 1500dk + 1000SMS),699.0,699.0,1.0,0.18,2025-08-01
700212,7,roaming,roaming_data,Roaming data 0.58GB,29.44914957845329,0.05,588.0,0.18,2025-08-31
700212,99,tax,vat,KDV,131.1208469241216,131.1208469241216,1.0,0.0,2025-08-31
700213,1,one_off,base_fee,Aylık sabit ücret (GB50 + 1500dk + 1000SMS),699.0,699.0,1.0,0.18,2025-05-01
700213,99,tax,vat,KDV,125.82,125.82,1.0,0.0,2025-05-31
700214,1,one_off,base_fee,Aylık sabit ücret (GB50 + 1500dk + 1000SMS),699.0,699.0,1.0,0.18,2025-06-01
700214,99,tax,vat,KDV,125.82,125.82,1.0,0.0,2025-06-30
700215,1,one_off,base_fee,Aylık sabit ücret (GB50 + 1500dk + 1000SMS),699.0,699.0,1.0,0.18,2025-07-01
700215,99,tax,vat,KDV,125.82,125.82,1.0,0.0,2025-07-31
700216,1,one_off,base_fee,Aylık sabit ücret (GB50 + 1500dk + 1000SMS),699.0,699.0,1.0,0.18,2025-08-01
700216,99,tax,vat,KDV,125.82,125.82,1.0,0.0,2025-08-31
700217,1,one_off,base_fee,Aylık sabit ücret (GB20 + 750dk + 250SMS),429.0,429.0,1.0,0.18,2025-05-01
700217,5,vas,vas_monthly,Müzik+ aylık ücret,29.9,29.9,1.0,0.18,2025-05-31
700217,99,tax,vat,KDV,82.60199999999999,82.60199999999999,1.0,0.0,2025-05-31
700218,1,one_off,base_fee,Aylık sabit ücret (GB20 + 750dk + 250SMS),429.0,429.0,1.0,0.18,2025-06-01
700218,5,vas,vas_monthly,Müzik+ aylık ücret,29.9,29.9,1.0,0.18,2025-06-30
700218,7,roaming,roaming_data,Roaming data 1.12GB,57.21448002724675,0.05,1144.0,0.18,2025-06-30
700218,99,tax,vat,KDV,92.9006064049044,92.9006064049044,1.0,0.0,2025-06-30
700219,1,one_off,base_fee,Aylık sabit ücret (GB20 + 750dk + 250SMS),429.0,429.0,1.0,0.18,2025-07-01
700219,5,vas,vas_monthly,Müzik+ aylık ücret,29.9,29.9,1.0,0.18,2025-07-31
700219,7,roaming,roaming_data,Roaming data 0.95GB,48.72149046718876,0.05,974.0,0.18,2025-07-31
700219,99,tax,vat,KDV,91.37186828409396,91.37186828409396,1.0,0.0,2025-07-31
700220,1,one_off,base_fee,Aylık sabit ücret (GB20 + 750dk + 250SMS),429.0,429.0,1.0,0.18,2025-08-01
700220,5,vas,vas_monthly,Müzik+ aylık ücret,29.9,29.9,1.0,0.18,2025-08-31
700220,99,tax,vat,KDV,82.60199999999999,82.60199999999999,1.0,0.0,2025-08-31
700221,1,one_off,base_fee,Aylık sabit ücret (GB20 + 750dk + 250SMS),429.0,429.0,1.0,0.18,2025-05-01
700221,99,tax,vat,KDV,77.22,77.22,1.0,0.0,2025-05-31
700222,1,one_off,base_fee,Aylık sabit ücret (GB20 + 750dk + 250SMS),429.0,429.0,1.0,0.18,2025-06-01
700222,99,tax,vat,KDV,77.22,77.22,1.0,0.0,2025-06-30
700223,1,one_off,base_fee,Aylık sabit ücret (GB20 + 750dk + 250SMS),429.0,429.0,1.0,0.18,2025-07-01
700223,99,tax,vat,KDV,77.22,77.22,1.0,0.0,2025-07-31
700224,1,one_off,base_fee,Aylık sabit ücret (GB20 + 750dk + 250SMS),429.0,429.0,1.0,0.18,2025-08-01
700224,6,premium_sms,premium_3rdparty,4545 numarasına 14 SMS,140.0,10.0,14.0,0.18,2025-08-31
700224,7,roaming,roaming_data,Roaming data 0.83GB,42.40689157832605,0.05,848.0,0.18,2025-08-31
700224,99,tax,vat,KDV,110.05324048409868,110.05324048409868,1.0,0.0,2025-08-31
700225,1,one_off,base_fee,Aylık sabit ücret (Sınırsız Sosyal + GB15 + 750dk),479.0,479.0,1.0,0.18,2025-05-01
700225,2,data,data_overage,Data aşımı 14.06GB,450.01583061182976,32.0,14.06,0.18,2025-05-31
700225,5,vas,vas_monthly,Oyun Kulübü aylık ücret,19.9,19.9,1.0,0.18,2025-05-31
700225,99,tax,vat,KDV,170.80484951012934,170.80484951012934,1.0,0.0,2025-05-31
700226,1,one_off,base_fee,Aylık sabit ücret (Sınırsız Sosyal + GB15 + 750dk),479.0,479.0,1.0,0.18,2025-06-01
700226,2,data,data_overage,Data aşımı 11.31GB,362.0612419505569,32.0,11.31,0.18,2025-06-30
700226,5,vas,vas_monthly,Oyun Kulübü aylık ücret,19.9,19.9,1.0,0.18,2025-06-30
700226,7,roaming,roaming_data,Roaming data 0.37GB,19.047440651243164,0.05,380.0,0.18,2025-06-30
700226,99,tax,vat,KDV,158.401562868324,158.401562868324,1.0,0.0,2025-06-30
700227,1,one_off,base_fee,Aylık sabit ücret (Sınırsız Sosyal + GB15 + 750dk),479.0,479.0,1.0,0.18,2025-07-01
700227,2,data,data_overage,Data aşımı 10.91GB,349.2541223185105,32.0,10.91,0.18,2025-07-31
700227,5,vas,vas_monthly,Oyun Kulübü aylık ücret,19.9,19.9,1.0,0.18,2025-07-31
700227,6,premium_sms,premium_3rdparty,4545 numarasına 2 SMS,20.0,10.0,2.0,0.18,2025-07-31
700227,99,tax,vat,KDV,156.2677420173319,156.2677420173319,1.0,0.0,2025-07-31
700228,1,one_off,base_fee,Aylık sabit ücret (Sınırsız Sosyal + GB15 + 750dk),479.0,479.0,1.0,0.18,2025-08-01
700228,2,data,data_overage,Data aşımı 12.29GB,393.2398105022154,32.0,12.29,0.18,2025-08-31
700228,5,vas,vas_monthly,Oyun Kulübü aylık ücret,19.9,19.9,1.0,0.18,2025-08-31
700228,7,roaming,roaming_data,Roaming data 1.01GB,51.6729499856792,0.05,1033.0,0.18,2025-08-31
700228,99,tax,vat,KDV,169.88629688782103,169.88629688782103,1.0,0.0,2025-08-31
700229,1,one_off,base_fee,Aylık sabit ücret (GB50 + 1500dk + 1000SMS),699.0,699.0,1.0,0.18,2025-05-01
700229,99,tax,vat,KDV,125.82,125.82,1.0,0.0,2025-05-31
700230,1,one_off,base_fee,Aylık sabit ücret (GB50 + 1500dk + 1000SMS),699.0,699.0,1.0,0.18,2025-06-01
700230,99,tax,vat,KDV,125.82,125.82,1.0,0.0,2025-06-30
700231,1,one_off,base_fee,Aylık sabit ücret (GB50 + 1500dk + 1000SMS),699.0,699.0,1.0,0.18,2025-07-01
700231,7,roaming,roaming_data,Roaming data 1.55GB,79.22611727784088,0.05,1584.0,0.18,2025-07-31
700231,99,tax,vat,KDV,140.08070111001135,140.08070111001135,1.0,0.0,2025-07-31
700232,1,one_off,base_fee,Aylık sabit ücret (GB50 + 1500dk + 1000SMS),699.0,699.0,1.0,0.18,2025-08-01
700232,99,tax,vat,KDV,125.82,125.82,1.0,0.0,2025-08-31
700233,1,one_off,base_fee,Aylık sabit ücret (Sınırsız Sosyal + GB15 + 750dk),479.0,479.0,1.0,0.18,2025-05-01
700233,6,premium_sms,premium_3rdparty,8888 numarasına 2 SMS,24.0,12.0,2.0,0.18,2025-05-31
700233,99,tax,vat,KDV,90.54,90.54,1.0,0.0,2025-05-31
700234,1,one_off,base_fee,Aylık sabit ücret (Sınırsız Sosyal + GB15 + 750dk),479.0,479.0,1.0,0.18,2025-06-01
700234,99,tax,vat,KDV,86.22,86.22,1.0,0.0,2025-06-30
700235,1,one_off,base_fee,Aylık sabit ücret (Sınırsız Sosyal + GB15 + 750dk),479.0,479.0,1.0,0.18,2025-07-01
700235,99,tax,vat,KDV,86.22,86.22,1.0,0.0,2025-07-31
700236,1,one_off,base_fee,Aylık sabit ücret (Sınırsız Sosyal + GB15 + 750dk),479.0,479.0,1.0,0.18,2025-08-01
700236,99,tax,vat,KDV,86.22,86.22,1.0,0.0,2025-08-31
700237,1,one_off,base_fee,Aylık sabit ücret (GB30 + 1000dk + 500SMS),529.0,529.0,1.0,0.18,2025-05-01
700237,5,vas,vas_monthly,Oyun Kulübü aylık ücret,19.9,19.9,1.0,0.18,2025-05-31
700237,99,tax,vat,KDV,98.802,98.802,1.0,0.0,2025-05-31
700238,1,one_off,base_fee,Aylık sabit ücret (GB30 + 1000dk + 500SMS),529.0,529.0,1.0,0.18,2025-06-01
700238,5,vas,vas_monthly,Oyun Kulübü aylık ücret,19.9,19.9,1.0,0.18,2025-06-30
700238,99,tax,vat,KDV,98.802,98.802,1.0,0.0,2025-06-30
700239,1,one_off,base_fee,Aylık sabit ücret (GB30 + 1000dk + 500SMS),529.0,529.0,1.0,0.18,2025-07-01
700239,5,vas,vas_monthly,Oyun Kulübü aylık ücret,19.9,19.9,1.0,0.18,2025-07-31
700239,99,tax,vat,KDV,98.802,98.802,1.0,0.0,2025-07-31
700240,1,one_off,base_fee,Aylık sabit ücret (GB30 + 1000dk + 500SMS),529.0,529.0,1.0,0.18,2025-08-01
700240,5,vas,vas_monthly,Oyun Kulübü aylık ücret,19.9,19.9,1.0,0.18,2025-08-31
700240,99,tax,vat,KDV,98.802,98.802,1.0,0.0,2025-08-31
700004,90,discount,loyalty,Sadakat indirimi (-14.2%),-114.12,-114.12,1.0,0.0,2025-08-31
700024,90,discount,loyalty,Sadakat indirimi (-13.6%),-75.68,-75.68,1.0,0.0,2025-08-31
700148,90,discount,loyalty,Sadakat indirimi (-12.8%),-89.25,-89.25,1.0,0.0,2025-08-31
700184,90,discount,loyalty,Sadakat indirimi (-5.1%),-43.4,-43.4,1.0,0.0,2025-08-31
700056,90,discount,loyalty,Sadakat indirimi (-13.3%),-71.77,-71.77,1.0,0.0,2025-08-31
700220,90,discount,loyalty,Sadakat indirimi (-19.5%),-105.73,-105.73,1.0,0.0,2025-08-31
700152,85,one_off,device_or_activation,Tek seferlik ücret,57.04,57.04,1.0,0.18,2025-08-31
700116,85,one_off,device_or_activation,Tek seferlik ücret,121.52,121.52,1.0,0.18,2025-08-31
700176,85,one_off,device_or_activation,Tek seferlik ücret,192.36,192.36,1.0,0.18,2025-08-31
700180,85,one_off,device_or_activation,Tek seferlik ücret,136.62,136.62,1.0,0.18,2025-08-31
700080,85,one_off,device_or_activation,Tek seferlik ücret,128.28,128.28,1.0,0.18,2025-08-31
700076,85,one_off,device_or_activation,Tek seferlik ücret,132.3,132.3,1.0,0.18,2025-08-31
700060,85,one_off,device_or_activation,Tek seferlik ücret,59.33,59.33,1.0,0.18,2025-08-31
700092,85,one_off,device_or_activation,Tek seferlik ücret,149.26,149.26,1.0,0.18,2025-08-31
700196,85,one_off,device_or_activation,Tek seferlik ücret,82.86,82.86,1.0,0.18,2025-08-31
